{"cameraMode":{"drawMode":0,"name":"Shaded","section":"Shading Mode"},"sceneLighting":false,"audioPlay":false,"sceneViewState":{"showFog":false,"showMaterialUpdate":false,"showSkybox":false,"showFlares":false,"showImageEffects":false,"showParticleSystems":false},"in2DMode":false,"pivot":{"x":3.6820068359375,"y":3.2340621948242189,"z":-4.992031097412109},"rotation":{"x":0.2667851150035858,"y":0.0750819742679596,"z":-0.020844167098402978,"w":0.9606090188026428},"size":18.690542221069337,"orthographic":true}