{"cameraMode":{"drawMode":0,"name":"Shaded","section":"Shading Mode"},"sceneLighting":false,"audioPlay":false,"sceneViewState":{"showFog":true,"showMaterialUpdate":false,"showSkybox":true,"showFlares":true,"showImageEffects":true,"showParticleSystems":true},"in2DMode":false,"pivot":{"x":90.98133850097656,"y":-57.081031799316409,"z":-24.03773307800293},"rotation":{"x":0.42577043175697329,"y":0.25323575735092165,"z":-0.12543600797653199,"w":0.8595829010009766},"size":100.13206481933594,"orthographic":false}