{"cameraMode":{"drawMode":0,"name":"Shaded","section":"Shading Mode"},"sceneLighting":false,"audioPlay":false,"sceneViewState":{"showFog":true,"showMaterialUpdate":false,"showSkybox":true,"showFlares":true,"showImageEffects":true,"showParticleSystems":true},"in2DMode":false,"pivot":{"x":32.22614669799805,"y":16.030479431152345,"z":5.105389595031738},"rotation":{"x":0.08030462265014649,"y":0.9018896818161011,"z":-0.1911088526248932,"w":0.37897711992263796},"size":1.1051239967346192,"orthographic":false}