{"cameraMode":{"drawMode":0,"name":"Shaded","section":"Shading Mode"},"sceneLighting":false,"audioPlay":false,"sceneViewState":{"showFog":true,"showMaterialUpdate":false,"showSkybox":true,"showFlares":true,"showImageEffects":true,"showParticleSystems":true},"in2DMode":false,"pivot":{"x":66.39714050292969,"y":3.0630455017089845,"z":-18.913434982299806},"rotation":{"x":0.2679189145565033,"y":-0.1324327439069748,"z":0.03721858561038971,"w":0.9535872936248779},"size":88.32737731933594,"orthographic":false}