{"cameraMode":{"drawMode":0,"name":"Shaded","section":"Shading Mode"},"sceneLighting":false,"audioPlay":false,"sceneViewState":{"showFog":true,"showMaterialUpdate":false,"showSkybox":true,"showFlares":true,"showImageEffects":true,"showParticleSystems":true},"in2DMode":false,"pivot":{"x":64.89441680908203,"y":0.5320625305175781,"z":-22.98213768005371},"rotation":{"x":0.10292509943246842,"y":0.8098248243331909,"z":-0.14936408400535584,"w":0.5579543709754944},"size":11.552430152893067,"orthographic":false}