{"cameraMode":{"drawMode":0,"name":"Shaded","section":"Shading Mode"},"sceneLighting":false,"audioPlay":false,"sceneViewState":{"showFog":true,"showMaterialUpdate":false,"showSkybox":false,"showFlares":true,"showImageEffects":true,"showParticleSystems":true},"in2DMode":false,"pivot":{"x":0.10075249522924423,"y":1.0511562824249268,"z":-0.597000002861023},"rotation":{"x":-0.0406678132712841,"y":0.9064428210258484,"z":-0.41067588329315188,"w":-0.08976111561059952},"size":0.7368016242980957,"orthographic":true}