{"cameraMode":{"drawMode":0,"name":"Shaded","section":"Shading Mode"},"sceneLighting":false,"audioPlay":false,"sceneViewState":{"showFog":true,"showMaterialUpdate":false,"showSkybox":false,"showFlares":true,"showImageEffects":true,"showParticleSystems":true},"in2DMode":false,"pivot":{"x":0.03087329864501953,"y":2.1130871772766115,"z":-0.8435895442962647},"rotation":{"x":0.0017002136446535588,"y":0.9758923053741455,"z":-0.21812410652637483,"w":0.0076082618907094},"size":8.251371383666993,"orthographic":true}