{"cameraMode":{"drawMode":0,"name":"Shaded","section":"Shading Mode"},"sceneLighting":false,"audioPlay":false,"sceneViewState":{"showFog":true,"showMaterialUpdate":false,"showSkybox":false,"showFlares":true,"showImageEffects":true,"showParticleSystems":true},"in2DMode":false,"pivot":{"x":-0.0011703968048095704,"y":0.9332691431045532,"z":-0.0035753250122070314},"rotation":{"x":-0.0406678132712841,"y":0.9064428210258484,"z":-0.41067588329315188,"w":-0.08976111561059952},"size":5.712392807006836,"orthographic":true}