{"cameraMode":{"drawMode":0,"name":"Shaded","section":"Shading Mode"},"sceneLighting":false,"audioPlay":false,"sceneViewState":{"showFog":true,"showMaterialUpdate":false,"showSkybox":true,"showFlares":true,"showImageEffects":true,"showParticleSystems":true},"in2DMode":false,"pivot":{"x":61.27862548828125,"y":-0.41616058349609377,"z":-18.982189178466798},"rotation":{"x":-0.033782243728637698,"y":-0.9586838483810425,"z":0.12874716520309449,"w":-0.25145718455314639},"size":2.211721897125244,"orthographic":true}