{"cameraMode":{"drawMode":0,"name":"Shaded","section":"Shading Mode"},"sceneLighting":false,"audioPlay":false,"sceneViewState":{"showFog":true,"showMaterialUpdate":false,"showSkybox":true,"showFlares":true,"showImageEffects":true,"showParticleSystems":true},"in2DMode":false,"pivot":{"x":25.420486450195314,"y":2.5270843505859377,"z":3.7700071334838869},"rotation":{"x":0.2584960460662842,"y":-0.13193808495998383,"z":0.03566422685980797,"w":0.9562973976135254},"size":11.774761199951172,"orthographic":true}