{"cameraMode":{"drawMode":0,"name":"Shaded","section":"Shading Mode"},"sceneLighting":false,"audioPlay":false,"sceneViewState":{"showFog":true,"showMaterialUpdate":false,"showSkybox":true,"showFlares":true,"showImageEffects":true,"showParticleSystems":true},"in2DMode":false,"pivot":{"x":57.47639465332031,"y":17.521011352539064,"z":-28.37903594970703},"rotation":{"x":0.2704228162765503,"y":-0.2560269236564636,"z":0.0748261958360672,"w":0.9250685572624207},"size":46.76163101196289,"orthographic":true}