{"cameraMode":{"drawMode":0,"name":"Shaded","section":"Shading Mode"},"sceneLighting":false,"audioPlay":false,"sceneViewState":{"showFog":true,"showMaterialUpdate":false,"showSkybox":true,"showFlares":true,"showImageEffects":true,"showParticleSystems":true},"in2DMode":false,"pivot":{"x":53.77665710449219,"y":20.14286231994629,"z":-22.76091194152832},"rotation":{"x":0.4266740083694458,"y":0.3221513628959656,"z":-0.16588613390922547,"w":0.8286527991294861},"size":26.924402236938478,"orthographic":true}