{"cameraMode":{"drawMode":0,"name":"Shaded","section":"Shading Mode"},"sceneLighting":false,"audioPlay":false,"sceneViewState":{"showFog":true,"showMaterialUpdate":false,"showSkybox":true,"showFlares":true,"showImageEffects":true,"showParticleSystems":true},"in2DMode":false,"pivot":{"x":64.70063781738281,"y":-6.683099746704102,"z":-36.41228485107422},"rotation":{"x":-0.43093785643577578,"y":-0.4330300986766815,"z":0.2482265681028366,"w":-0.7517764568328857},"size":62.28623962402344,"orthographic":true}