{"cameraMode":{"drawMode":0,"name":"Shaded","section":"Shading Mode"},"sceneLighting":false,"audioPlay":false,"sceneViewState":{"showFog":true,"showMaterialUpdate":false,"showSkybox":true,"showFlares":true,"showImageEffects":true,"showParticleSystems":true},"in2DMode":false,"pivot":{"x":103.36073303222656,"y":-1.621781826019287,"z":-27.64919662475586},"rotation":{"x":0.0017002136446535588,"y":0.9758923053741455,"z":-0.21812410652637483,"w":0.0076082618907094},"size":8.55848217010498,"orthographic":true}