{"cameraMode":{"drawMode":0,"name":"Shaded","section":"Shading Mode"},"sceneLighting":false,"audioPlay":false,"sceneViewState":{"showFog":true,"showMaterialUpdate":false,"showSkybox":false,"showFlares":true,"showImageEffects":true,"showParticleSystems":true},"in2DMode":false,"pivot":{"x":1.7749437093734742,"y":0.042591944336891177,"z":-1.2380000352859498},"rotation":{"x":-0.0406678132712841,"y":0.9064428210258484,"z":-0.41067588329315188,"w":-0.08976111561059952},"size":0.7241062521934509,"orthographic":true}