{"cameraMode":{"drawMode":0,"name":"Shaded","section":"Shading Mode"},"sceneLighting":false,"audioPlay":false,"sceneViewState":{"showFog":true,"showMaterialUpdate":false,"showSkybox":true,"showFlares":true,"showImageEffects":true,"showParticleSystems":true},"in2DMode":false,"pivot":{"x":47.97284698486328,"y":43.665138244628909,"z":-16.745162963867189},"rotation":{"x":0.2318623960018158,"y":0.6581629514694214,"z":-0.2243351936340332,"w":0.6802496910095215},"size":9.581742286682129,"orthographic":true}