{"cameraMode":{"drawMode":0,"name":"Shaded","section":"Shading Mode"},"sceneLighting":false,"audioPlay":false,"sceneViewState":{"showFog":true,"showMaterialUpdate":false,"showSkybox":true,"showFlares":true,"showImageEffects":true,"showParticleSystems":true},"in2DMode":false,"pivot":{"x":46.532249450683597,"y":8.771469116210938,"z":-14.244190216064454},"rotation":{"x":-0.030895885080099107,"y":0.9449633359909058,"z":-0.31199485063552859,"w":-0.09357620030641556},"size":49.06489181518555,"orthographic":false}