{"cameraMode":{"drawMode":0,"name":"Shaded","section":"Shading Mode"},"sceneLighting":true,"audioPlay":false,"sceneViewState":{"showFog":true,"showMaterialUpdate":false,"showSkybox":true,"showFlares":true,"showImageEffects":true,"showParticleSystems":true},"in2DMode":false,"pivot":{"x":89.22467041015625,"y":11.03514289855957,"z":-12.010955810546875},"rotation":{"x":0.5179542899131775,"y":0.010247522965073586,"z":-0.00620662746950984,"w":0.8553259372711182},"size":156.0373992919922,"orthographic":true}