{"cameraMode":{"drawMode":0,"name":"Shaded","section":"Shading Mode"},"sceneLighting":false,"audioPlay":false,"sceneViewState":{"showFog":true,"showMaterialUpdate":false,"showSkybox":true,"showFlares":true,"showImageEffects":true,"showParticleSystems":true},"in2DMode":false,"pivot":{"x":37.29071044921875,"y":16.33485984802246,"z":-16.057912826538087},"rotation":{"x":-0.28535473346710207,"y":-0.3360282778739929,"z":0.10760494321584702,"w":-0.891137421131134},"size":75.97343444824219,"orthographic":true}