{"cameraMode":{"drawMode":0,"name":"Shaded","section":"Shading Mode"},"sceneLighting":false,"audioPlay":false,"sceneViewState":{"showFog":true,"showMaterialUpdate":false,"showSkybox":true,"showFlares":true,"showImageEffects":true,"showParticleSystems":true},"in2DMode":false,"pivot":{"x":52.42169952392578,"y":12.060049057006836,"z":-14.721888542175293},"rotation":{"x":0.015489018522202969,"y":0.9611481428146362,"z":-0.2700429856777191,"w":0.05512988194823265},"size":79.24645233154297,"orthographic":false}