{"cameraMode":{"drawMode":0,"name":"Shaded","section":"Shading Mode"},"sceneLighting":false,"audioPlay":false,"sceneViewState":{"showFog":true,"showMaterialUpdate":false,"showSkybox":true,"showFlares":true,"showImageEffects":true,"showParticleSystems":true},"in2DMode":false,"pivot":{"x":67.01982116699219,"y":-6.613971710205078,"z":-38.11865234375},"rotation":{"x":0.06701135635375977,"y":0.9277922511100769,"z":-0.305402934551239,"w":0.2035786509513855},"size":22.364675521850587,"orthographic":false}