{"cameraMode":{"drawMode":0,"name":"Shaded","section":"Shading Mode"},"sceneLighting":false,"audioPlay":false,"sceneViewState":{"showFog":true,"showMaterialUpdate":false,"showSkybox":true,"showFlares":true,"showImageEffects":true,"showParticleSystems":true},"in2DMode":false,"pivot":{"x":36.41273880004883,"y":-19.188560485839845,"z":-55.56624221801758},"rotation":{"x":-0.057337209582328799,"y":0.9426631927490234,"z":-0.23218469321727754,"w":-0.23278655111789704},"size":129.1536865234375,"orthographic":false}