{"cameraMode":{"drawMode":0,"name":"Shaded","section":"Shading Mode"},"sceneLighting":false,"audioPlay":false,"sceneViewState":{"showFog":true,"showMaterialUpdate":false,"showSkybox":true,"showFlares":true,"showImageEffects":true,"showParticleSystems":true},"in2DMode":false,"pivot":{"x":77.00773620605469,"y":-29.583263397216798,"z":-80.09847259521485},"rotation":{"x":-0.039847612380981448,"y":-0.9540313482284546,"z":0.2578839063644409,"w":-0.14741423726081849},"size":77.29508209228516,"orthographic":false}