{"cameraMode":{"drawMode":0,"name":"Shaded","section":"Shading Mode"},"sceneLighting":false,"audioPlay":false,"sceneViewState":{"showFog":true,"showMaterialUpdate":false,"showSkybox":true,"showFlares":true,"showImageEffects":true,"showParticleSystems":true},"in2DMode":false,"pivot":{"x":186.142578125,"y":-46.66889953613281,"z":9.238790512084961},"rotation":{"x":-0.17373976111412049,"y":-0.5992177724838257,"z":0.13525627553462983,"w":-0.7697120904922485},"size":126.96881866455078,"orthographic":false}