{"cameraMode":{"drawMode":0,"name":"Shaded","section":"Shading Mode"},"sceneLighting":false,"audioPlay":false,"sceneViewState":{"showFog":true,"showMaterialUpdate":false,"showSkybox":true,"showFlares":true,"showImageEffects":true,"showParticleSystems":true},"in2DMode":false,"pivot":{"x":82.0257339477539,"y":0.5254206657409668,"z":-22.21404266357422},"rotation":{"x":0.04467369243502617,"y":0.9515464305877686,"z":-0.16726070642471314,"w":0.2541502118110657},"size":10.339381217956543,"orthographic":false}