{"cameraMode":{"drawMode":0,"name":"Shaded","section":"Shading Mode"},"sceneLighting":false,"audioPlay":false,"sceneViewState":{"showFog":true,"showMaterialUpdate":false,"showSkybox":true,"showFlares":true,"showImageEffects":true,"showParticleSystems":true},"in2DMode":false,"pivot":{"x":-2.16213321685791,"y":-0.14763879776000977,"z":3.0968198776245119},"rotation":{"x":0.46102386713027956,"y":0.2428937554359436,"z":-0.1328190267086029,"w":0.8431006669998169},"size":17.442956924438478,"orthographic":false}